url,sourceTitle,learningResourceType,discipline,educationalContext,intendedEndUserRole,typicalAgeRangeFrom,typicalAgeRangeTo,language,keyword,Eingetragen am
https://www.youtube.com/channel/UCzOHLoNwbebvEkn7y6x-EWA/featured,musstewissen Deutsch,video,120,Sekundarstufe 1; Sekundarstufe 2,learner; teacher,10,18,de,,
https://www.youtube.com/channel/UCZF4IKRZQJUCwl-0O64Y_KQ/featured,Nele Hirsch,video,720,Sekundarstufe 1; Sekundarstufe 2,learner; teacher,10,18,de,,
https://www.youtube.com/channel/UCEJDM_70A2EiRqZ41l6bZlg/featured,100 Sekunden Physik,video,460,Sekundarstufe 1; Sekundarstufe 2,learner; teacher,10,18,de,,
https://www.youtube.com/channel/UCE2hJ9CYR57BYhk3TjGVG6w/featured,Breaking Lab,video,4003,Sekundarstufe 1; Sekundarstufe 2,learner; teacher,10,18,de,,
https://www.youtube.com/channel/UC146qqkUMTrn4nfSSOTNwiA/featured,musstewissen Chemie,video,100,Sekundarstufe 1; Sekundarstufe 2,learner; teacher,10,18,de,,
https://www.youtube.com/channel/UCaxX8488TqU6bZdcKpxPVvQ/featured,musstewissen Mathematik,video,380,Sekundarstufe 1; Sekundarstufe 2,learner; teacher,10,18,de,,
https://www.youtube.com/channel/UC9RSWjfMU3qMixhigyHjEgw/featured,musstewissen Physik,video,460,Sekundarstufe 1; Sekundarstufe 2,learner; teacher,10,18,de,,
https://www.youtube.com/channel/UCsVWpmoRsNAWZb59b6Pt9Kg/featured,MrWissen2go Geschichte,video,240,Sekundarstufe 1; Sekundarstufe 2,learner; teacher,10,18,de,,
https://www.youtube.com/channel/UCPtUzxTfdaxAmr4ie9bXZVA/featured,Mathe by Daniel Jung,video,380,Sekundarstufe 1; Sekundarstufe 2,learner; teacher,10,18,de,,
https://www.youtube.com/channel/UCyHDQ5C6z1NDmJ4g6SerW8g/featured,brainfaqk,video,04003; 100; 320,Sekundarstufe 1; Sekundarstufe 2,learner; teacher,10,18,de,,
https://www.youtube.com/channel/UC97dp7op_ZjSCNp3DRLGymQ/featured,mailab,video,100,Sekundarstufe 1; Sekundarstufe 2,learner; teacher,10,18,de,,
https://www.youtube.com/channel/UC97dp7op_ZjSCNp3DRLGymQ/featured,DorFuchs,video,380,Sekundarstufe 1; Sekundarstufe 2,learner; teacher,10,18,de,,
https://www.youtube.com/channel/UC8j-JA7KgqTbVrLkm2FfrXg/featuredhttps%3A,Geographie Plus,video,220,Sekundarstufe 1; Sekundarstufe 2,learner; teacher,10,18,de,,
https://www.youtube.com/channel/UCYFALneN2AnPt3ZUMYmBZAA/featured,Der Erste Weltkrieg,video,240,Sekundarstufe 1; Sekundarstufe 2,learner; teacher,10,18,de,,
https://www.youtube.com/channel/UCuo4TZpgNCAzEU2IAUFJBeg/featured,RLScience,video,46014; 100; 460; 04003,Sekundarstufe 1; Sekundarstufe 2,learner; teacher,10,18,de,,
https://www.youtube.com/channel/UCSa4RnmvfBbLgkEwqCUNGXQ/featured,Sommers Weltliteratur to go,video,120,Sekundarstufe 1; Sekundarstufe 2,learner; teacher,10,18,de,,
https://www.youtube.com/channel/UCLil9BlNCu-hZWKKBbcXtMA/featured,schoolseasy ,video,720; 480; 240; 120; 380; 20001; ,Sekundarstufe 1; Sekundarstufe 2,learner; teacher,10,18,de,,
https://www.youtube.com/channel/UC5fmHcYneeEzpAjORhgHrnQ/featured,Sebastian Schmidt,video,380,Sekundarstufe 1; Sekundarstufe 2,learner; teacher,10,18,de,,
https://www.youtube.com/channel/UCeTVoczn9NOZA9blls3YgUg/featured,Learn English with EnglishClass101.com,video,20001,Sekundarstufe 1; Sekundarstufe 2,learner; teacher,10,18,en,,
https://www.youtube.com/channel/UCYUZr-O3UdDdm_mF4XA_TbA/featured,Explainity,video,720; 480; 700; 260,Sekundarstufe 1; Sekundarstufe 2,learner; teacher,10,18,de,,
https://www.youtube.com/channel/UCxUWIEL-USsiPak0Qy6_vVg/featured,Deutsch lernen mit der DW,video,28002,Sekundarstufe 1; Sekundarstufe 2,learner; teacher,10,18,de,,
https://www.youtube.com/channel/UCs7cxycjh7vKIBluSka0I8A/featured,Kunst mit Teachanies,video,060,Sekundarstufe 1; Sekundarstufe 2,learner; teacher,10,18,de,,
https://www.youtube.com/channel/UCFt8Sh8cbg-K5hZs3hhKbmA/featured,Der Kunsterklärer,video,060,Sekundarstufe 1; Sekundarstufe 2,learner; teacher,10,18,de,,
https://www.youtube.com/channel/UCXk20kJsFzBE1XS5qaf_RXg/featured,Dr.Klawonn - Chemie und Physik-Experimente,video,100; 460,Sekundarstufe 1; Sekundarstufe 2,learner; teacher,10,18,de,,
https://www.youtube.com/channel/UCtESv1e7ntJaLJYKIO1FoYw/featured,Periodic Videos zu einzelnen Elementen,video,100,Sekundarstufe 1; Sekundarstufe 2,learner; teacher,10,18,de,,
https://www.youtube.com/channel/UC0Cn3gS4xpfU_6KxtwFPOmg/featured,Sven Sommer - Chemie und Physik-Experimente,video,100; 460,Sekundarstufe 1; Sekundarstufe 2,learner; teacher,10,18,de,,
https://www.youtube.com/channel/UC_AOOUYuJvHwEbgoe4DS6bw/featured,einfachMathe - Erklärvideos bis zum Abi,video,380,Sekundarstufe 1; Sekundarstufe 2,learner; teacher,10,18,de,,
https://www.youtube.com/channel/UCiK7vUKWvTTn0Mt2Dx5cn4Q/featured,Chemie Experimente,video,100,Sekundarstufe 1; Sekundarstufe 2,learner; teacher,10,18,de,,
https://www.youtube.com/channel/UCZHpIFMfoJJ_1QxNGLJTzyA/featured,MrWissen2go,video,480,Sekundarstufe 1; Sekundarstufe 2,learner; teacher,10,18,de,,
https://www.youtube.com/channel/UCHnmeuSOn1Hscizw6otqWrA/featured,Scobel,video,450; 160,Sekundarstufe 1; Sekundarstufe 2,learner; teacher,10,18,de,,
https://www.youtube.com/channel/UCNZobzDT5tde8FCOMto-kIg/featured,Einfach Geschichte,video,240,Sekundarstufe 1; Sekundarstufe 2,learner; teacher,10,18,de,,
https://www.youtube.com/channel/UCUcyEsEjhPEDf69RRVhRh4A/featured,The Great War,video,240,Sekundarstufe 1; Sekundarstufe 2,learner; teacher,10,18,de,,
https://www.youtube.com/channel/UCNOsl2b57wNgN7l13TOzNJQ/featured,Jule Sommersberg,video,240,Sekundarstufe 1; Sekundarstufe 2,learner; teacher,10,18,de,,
https://www.youtube.com/channel/UCV9AcuxBK-W3ejgsDm35W1w/feed,seguGeschichte,video,240,Sekundarstufe 1; Sekundarstufe 2,learner; teacher,10,18,de,,
https://www.youtube.com/channel/UCJWn5X9X50U0kcNCgBou7EA/featured,YoungBusinessSchool,video,380; 04003; 700,Sekundarstufe 1; Sekundarstufe 2,learner; teacher,10,18,de,,
https://www.youtube.com/channel/UCHCip3cKoCIkpfeYDV7-aLg/featured,Lernkiste - Mathematik,video,380,Sekundarstufe 1; Sekundarstufe 2,learner; teacher,10,18,de,,
https://www.youtube.com/channel/UCy0FxMgGUlRnkxCoNZUNRQQ/featured,Lehrerschmidt ,video,380,Sekundarstufe 1; Sekundarstufe 2,learner; teacher,10,18,de,,
https://www.youtube.com/channel/UCPVQdTsc9O0VM41vAhdlVLw/featured,ObachtMathe,video,380,Sekundarstufe 1; Sekundarstufe 2,learner; teacher,10,18,de,,
https://www.youtube.com/channel/UCO7ksLK-11tVxalfPKf7BTQ/featured,Primartorium,video,380,Primarstufe; Sekundarstufe 1,learner; teacher,6,13,de,,
https://www.youtube.com/channel/UCMU8r31Zm_QJ7ddd12gpOjw/featured,StrandMathe,video,380,Sekundarstufe 1; Sekundarstufe 2,learner; teacher,10,18,de,,
https://www.youtube.com/channel/UCLFQOEC-dUaC5Qk6ccnHlcA,Physik digital.de,video,460,Sekundarstufe 1; Sekundarstufe 2; Erwachsenenbildung,learner; teacher,10,99,de,,
https://www.youtube.com/channel/UClt8eDAJGh-z0F5YnssHSvw/featured,Museum im Kulturspeicher,video,060,Sekundarstufe 1; Sekundarstufe 2,learner; teacher,10,18,de,,
https://www.youtube.com/channel/UCwZ3pAKr_nXgdGWZVpDPT_A/featured,Kunst mit Simi,video,060,Sekundarstufe 1; Sekundarstufe 2,learner; teacher,10,18,de,,
https://www.youtube.com/channel/UCPxqEoyZI89LDAB5nQ5Cg3Q/featured,Kunst + Unterricht,video,060,Sekundarstufe 1; Sekundarstufe 2,learner; teacher,10,18,de,,
https://www.youtube.com/channel/UCb3JeLUzhZH1i5dafCn7pOQ/featured,Anna Schirmer,video,060,Sekundarstufe 1; Sekundarstufe 2,learner; teacher,10,18,de,,
https://www.youtube.com/channel/UCFt8Sh8cbg-K5hZs3hhKbmA/featured,Der Kunstklärer,video,060,Sekundarstufe 1; Sekundarstufe 2,learner; teacher,10,18,de,,
https://www.youtube.com/channel/UC5dBZm6ztKizdUnN7Puz3QQ/featured,Entropy - Wissenschaft schnell erklärt,video,460,Sekundarstufe 1; Sekundarstufe 2,learner; teacher,10,99,de,,
https://www.youtube.com/channel/UCEI2CJCaMKZVEtrUKzubaSA/featured,"Yggis Kosmos - Sterne, Weltall und Raumfahrt",video,46014,Sekundarstufe 1; Sekundarstufe 2,learner; teacher,10,99,de,,
https://www.youtube.com/channel/UCTUMMgOW9UJoodX5j0mequA/featured,Einfach Englisch,video,20001,Sekundarstufe 1; Sekundarstufe 2,learner; teacher,10,99,de,,
https://www.youtube.com/channel/UChfQ0jgQYSVTGP6ofkYxEPA/featured,Digitalisierung der Lehre,video,400; 900; 720,,teacher,10,99,de,,
https://www.youtube.com/channel/UC9qz57b7zwZ42IfTYwM2xNA/featured,Kunstmuseum Wolfsburg,video,060,Sekundarstufe 2,learner; teacher,10,99,de,,
https://www.youtube.com/channel/UCVYe_JtNP8w4iF5IELjq4Kw/featured,Rijks Creative,video,060,Sekundarstufe 2,learner; teacher,10,99,de,,
https://www.youtube.com/channel/UCLKfBeCr5QAaIuO89ax4-EA/featured,Kunstmuseum Moritzburg Halle (Saale),video,060,Sekundarstufe 1; Sekundarstufe 2,learner; teacher,10,99,de,,
https://www.youtube.com/channel/UCR0VS7_wuJBzLJ-ZR_nbipg/featured,Angewandte Theaterforschung,video,12002,,teacher,10,99,de,,
https://www.youtube.com/channel/UChFbmxYZ8VVThe_mcD1vo_A/featured,Drama Menu,video,12002,,teacher,10,99,de,,
https://www.youtube.com/channel/UCVYe_JtNP8w4iF5IELjq4Kw/featured,Pass the Sound,video,12002; 420,,teacher,10,99,de,,
https://www.youtube.com/channel/UCPSc634TPhvYc18_QyahKMQ/featured,Alina Sonnenschein,video,28002,Sekundarstufe 1; Sekundarstufe 2,learner; teacher,10,99,de,,
https://www.youtube.com/channel/UCaMpov1PPVXGcKYgwHjXB3g/featured,The Virtual Linguistics Campus,video,20001,,learner; teacher,16,99,en,,
https://www.youtube.com/channel/UComfd9z6KFVP3nggiME6-7w/featured,German as a Foreign Language,video,28002,Sekundarstufe 2; Erwachsenenbildung,learner; teacher,16,99,de; ar,,
https://www.youtube.com/channel/UC7mZyCH5ppdYdJrHuxjJtkw/featured,Educational Robotics,video,"320, 04005",,teacher; learner,16,99,de; en,,
,,,,,,,,,,
,,,,,,,,,,
,,,,,,,,,,
Playlists,,,,,,,,,,
https://www.youtube.com/playlist?list=PLC9D2mzTyJeXYa6E1y_d0fc_7-V7BJnSq,DigiFernunterricht,video,720,,teacher,18,99,de,,
https://www.youtube.com/playlist?list=PLFhPjADeGDodbVSSL8LE00SNjQIPiyamr,Webinare Deutsches Lehrkräfteforum,video,720,,teacher,18,99,de,,
https://www.youtube.com/playlist?list=PLn_RXXE1fMmMbx6lR3Iqr4lx2LZhdOGvh,Die Merkhilfe,video,720,Sekundarstufe 1; Sekundarstufe 2,learner; teacher,10,18,de,,
https://www.youtube.com/playlist?list=PLn_RXXE1fMmMkEP2oJInr6cGn2RR-e_Ab,Die Merkhilfe,video,240; 480; 48005; 120; 220; 700,Sekundarstufe 1; Sekundarstufe 2,learner; teacher,10,18,de,,
https://www.youtube.com/playlist?list=PLn_RXXE1fMmNUPitIsXFXH25BVaT30Mm8,Die Merkhilfe,video,720; 120,Sekundarstufe 1; Sekundarstufe 2,learner; teacher,10,18,de,,
https://www.youtube.com/playlist?list=PLn_RXXE1fMmOhFouDVMB3A2qKuTlJyQ0X,Die Merkhilfe,video,120,Sekundarstufe 1; Sekundarstufe 2,learner; teacher,10,18,de,,
https://www.youtube.com/playlist?list=PLn_RXXE1fMmPpnBgRyNkkjEyjtr6tSSrM,Die Merkhilfe,video,080,Sekundarstufe 1; Sekundarstufe 2,learner; teacher,10,18,de,,
https://www.youtube.com/playlist?list=PLn_RXXE1fMmMfiJhYBmXijbEQA56W1flc,Die Merkhilfe,video,080,Sekundarstufe 1; Sekundarstufe 2,learner; teacher,10,18,de,,
https://www.youtube.com/playlist?list=PLn_RXXE1fMmODHAgYWLZ9h1q2-HgUrpvc,Die Merkhilfe,video,080,Sekundarstufe 1; Sekundarstufe 2,learner; teacher,10,18,de,,
https://www.youtube.com/playlist?list=PLn_RXXE1fMmPdGnEoam4hb4T9Iv8M3bhz,Die Merkhilfe,video,080,Sekundarstufe 1; Sekundarstufe 2,learner; teacher,10,18,de,,
https://www.youtube.com/playlist?list=PLn_RXXE1fMmNwPtN6bnWzQnasKm1N0TrK,Die Merkhilfe,video,080,Sekundarstufe 1; Sekundarstufe 2,learner; teacher,10,18,de,,
https://www.youtube.com/playlist?list=PLn_RXXE1fMmOaD8ga75DCcNlVPtPokO9S,Die Merkhilfe,video,080,Sekundarstufe 1; Sekundarstufe 2,learner; teacher,10,18,de,,
https://www.youtube.com/playlist?list=PLn_RXXE1fMmN1le4jGlEfZzevKBWQ9ANx,Die Merkhilfe,video,080,Sekundarstufe 1; Sekundarstufe 2,learner; teacher,10,18,de,,
https://www.youtube.com/playlist?list=PLn_RXXE1fMmPiXM-O6399a30fNAOn80kW,Die Merkhilfe,video,080,Sekundarstufe 1; Sekundarstufe 2,learner; teacher,10,18,de,,
https://www.youtube.com/playlist?list=PLn_RXXE1fMmPsXomKrdYGyqbwJ48LeGg5,Die Merkhilfe,video,080,Sekundarstufe 1; Sekundarstufe 2,learner; teacher,10,18,de,,
https://www.youtube.com/playlist?list=PLn_RXXE1fMmNlUnZAYhiJMZlA5ptWH61g,Die Merkhilfe,video,080,Sekundarstufe 1; Sekundarstufe 2,learner; teacher,10,18,de,,
https://www.youtube.com/playlist?list=PLn_RXXE1fMmNrrmwyqJFbd_ivlG587dqL,Die Merkhilfe,video,080,Sekundarstufe 1; Sekundarstufe 2,learner; teacher,10,18,de,,
https://www.youtube.com/playlist?list=PLn_RXXE1fMmPdU0sc15r_Q3YE4LgUTC85,Die Merkhilfe,video,120,Sekundarstufe 1; Sekundarstufe 2,learner; teacher,10,18,de,,
https://www.youtube.com/playlist?list=PLn_RXXE1fMmOhFouDVMB3A2qKuTlJyQ0X,Die Merkhilfe,video,120,Sekundarstufe 1; Sekundarstufe 2,learner; teacher,10,18,de,,
https://www.youtube.com/playlist?list=PLn_RXXE1fMmOBXFsYk6mOZeGHlHTkmCpW,Die Merkhilfe,video,120,Sekundarstufe 1; Sekundarstufe 2,learner; teacher,10,18,de,,
https://www.youtube.com/playlist?list=PLn_RXXE1fMmMMlabZV8x9OuvkqUXN6gnU,Die Merkhilfe,video,120,Sekundarstufe 1; Sekundarstufe 2,learner; teacher,10,18,de,,
https://www.youtube.com/playlist?list=PLn_RXXE1fMmP2k3YkNSrDjVvyzrfd9-B3,Die Merkhilfe,video,120,Sekundarstufe 1; Sekundarstufe 2,learner; teacher,10,18,de,,
https://www.youtube.com/playlist?list=PLn_RXXE1fMmMsW8Aef4OOFcw9c1A_Yhn5,Die Merkhilfe,video,120,Sekundarstufe 1; Sekundarstufe 2,learner; teacher,10,18,de,,
https://www.youtube.com/playlist?list=PLn_RXXE1fMmP2k3YkNSrDjVvyzrfd9-B3,Die Merkhilfe,video,120,Sekundarstufe 1; Sekundarstufe 2,learner; teacher,10,18,de,,
https://www.youtube.com/playlist?list=PLn_RXXE1fMmMsW8Aef4OOFcw9c1A_Yhn5,Die Merkhilfe,video,120,Sekundarstufe 1; Sekundarstufe 2,learner; teacher,10,18,de,,
https://www.youtube.com/playlist?list=PLn_RXXE1fMmNeDDS9gA0WuVE28yPq9pyQ,Die Merkhilfe,video,120,Sekundarstufe 1; Sekundarstufe 2,learner; teacher,10,18,de,,
https://www.youtube.com/playlist?list=PLn_RXXE1fMmMlN0wwv9nq3aa0tJQbBqJ2,Die Merkhilfe,video,20001,Sekundarstufe 1; Sekundarstufe 2,learner; teacher,10,18,de,,
https://www.youtube.com/playlist?list=PLn_RXXE1fMmN-rEv91RgjDyUqNMkVIghJ,Die Merkhilfe,video,20001,Sekundarstufe 1; Sekundarstufe 2,learner; teacher,10,18,de,,
https://www.youtube.com/playlist?list=PLn_RXXE1fMmPbLCtmi9b9CgzRxNIeIVLl,Die Merkhilfe,video,20001,Sekundarstufe 1; Sekundarstufe 2,learner; teacher,10,18,de,,
https://www.youtube.com/playlist?list=PLn_RXXE1fMmPWhScoDC9sDxBi490_2q5r,Die Merkhilfe,video,20001,Sekundarstufe 1; Sekundarstufe 2,learner; teacher,10,18,de,,
https://www.youtube.com/playlist?list=PLn_RXXE1fMmMQdCfccGVScOgbmfNFG_qH,Die Merkhilfe,video,20001,Sekundarstufe 1; Sekundarstufe 2,learner; teacher,10,18,de,,
https://www.youtube.com/playlist?list=PLn_RXXE1fMmPQ7Piohz-NXr6575bQi2Ak,Die Merkhilfe,video,220,Sekundarstufe 1; Sekundarstufe 2,learner; teacher,10,18,de,,
https://www.youtube.com/playlist?list=PLn_RXXE1fMmOa6LsnuMSy5v0stFXxkgOi,Die Merkhilfe,video,220,Sekundarstufe 1; Sekundarstufe 2,learner; teacher,10,18,de,,
https://www.youtube.com/playlist?list=PLn_RXXE1fMmPd89RZoFxJ96g5Sr10iw24,Die Merkhilfe,video,220,Sekundarstufe 1; Sekundarstufe 2,learner; teacher,10,18,de,,
https://www.youtube.com/playlist?list=PLn_RXXE1fMmNiHGOYn4_0yI_4Zi_dU8Ev,Die Merkhilfe,video,220,Sekundarstufe 1; Sekundarstufe 2,learner; teacher,10,18,de,,
https://www.youtube.com/playlist?list=PLn_RXXE1fMmNeNOlWe1jCRPaGWo_Ic9cS,Die Merkhilfe,video,220,Sekundarstufe 1; Sekundarstufe 2,learner; teacher,10,18,de,,
https://www.youtube.com/playlist?list=PLn_RXXE1fMmPN_8qL9Oeh1DaFjbt3JLyF,Die Merkhilfe,video,380,Sekundarstufe 1; Sekundarstufe 2,learner; teacher,10,18,de,,
https://www.youtube.com/playlist?list=PLn_RXXE1fMmNIdDK4zxYPbGfMfYoCqdaE,Die Merkhilfe,video,380,Sekundarstufe 1; Sekundarstufe 2,learner; teacher,10,18,de,,
https://www.youtube.com/playlist?list=PLn_RXXE1fMmNthaWTssmt5Tp3zToUnebB,Die Merkhilfe,video,380,Sekundarstufe 1; Sekundarstufe 2,learner; teacher,10,18,de,,
https://www.youtube.com/playlist?list=PLn_RXXE1fMmNyR_rYuUOfhzvXU2TtXXDc,Die Merkhilfe,video,380,Sekundarstufe 1; Sekundarstufe 2,learner; teacher,10,18,de,,
https://www.youtube.com/playlist?list=PLn_RXXE1fMmPF4PylCfVHknAUojWYmt5_,Die Merkhilfe,video,380,Sekundarstufe 1; Sekundarstufe 2,learner; teacher,10,18,de,,
https://www.youtube.com/playlist?list=PLn_RXXE1fMmMSOO2tscOG0FpX1zX_K0NG,Die Merkhilfe,video,380,Sekundarstufe 1; Sekundarstufe 2,learner; teacher,10,18,de,,
https://www.youtube.com/playlist?list=PLn_RXXE1fMmMDYqZ5kddBAYOLnI3IzoJI,Die Merkhilfe,video,380,Sekundarstufe 1; Sekundarstufe 2,learner; teacher,10,18,de,,
https://www.youtube.com/playlist?list=PLn_RXXE1fMmPTubs4fXxxC96KQmmKf5QZ,Die Merkhilfe,video,380,Sekundarstufe 1; Sekundarstufe 2,learner; teacher,10,18,de,,
https://www.youtube.com/playlist?list=PLn_RXXE1fMmO-YZ4qh1l5SM1rmvgraKl3,Die Merkhilfe,video,480,Sekundarstufe 1; Sekundarstufe 2,learner; teacher,10,18,de,,
https://www.youtube.com/playlist?list=PLn_RXXE1fMmPdnyxR44XMMNC0KjMk4Iaq,Die Merkhilfe,video,240,Sekundarstufe 1; Sekundarstufe 2,learner; teacher,10,18,de,,
https://www.youtube.com/playlist?list=PLn_RXXE1fMmPnW2w9KF8bC-UGS5z8V-6v,Die Merkhilfe,video,240,Sekundarstufe 1; Sekundarstufe 2,learner; teacher,10,18,de,,
https://www.youtube.com/playlist?list=PLn_RXXE1fMmOOL8nfq1jdfoJXaF2aruZr,Die Merkhilfe,video,240,Sekundarstufe 1; Sekundarstufe 2,learner; teacher,10,18,de,,
https://www.youtube.com/playlist?list=PLn_RXXE1fMmOMLoCTsLpQ3_wd2tn1FYbM,Die Merkhilfe,video,450,Sekundarstufe 1; Sekundarstufe 2,learner; teacher,10,18,de,,
https://www.youtube.com/playlist?list=PLn_RXXE1fMmMuAT9M_v2iLVjfkVgEAziT,Die Merkhilfe,video,450,Sekundarstufe 1; Sekundarstufe 2,learner; teacher,10,18,de,,
https://www.youtube.com/playlist?list=PLn_RXXE1fMmMuAT9M_v2iLVjfkVgEAziT,Die Merkhilfe,video,450,Sekundarstufe 1; Sekundarstufe 2,learner; teacher,10,18,de,,
https://www.youtube.com/playlist?list=PLn_RXXE1fMmMPHQq4AxNvviVO10plZo2I,Die Merkhilfe,video,700,Sekundarstufe 1; Sekundarstufe 2,learner; teacher,10,18,de,,
https://www.youtube.com/playlist?list=PLn_RXXE1fMmOBXFsYk6mOZeGHlHTkmCpW,Die Merkhilfe,video,120; 240,Sekundarstufe 1; Sekundarstufe 2,learner; teacher,10,18,de,,
https://www.youtube.com/playlist?list=PLn_RXXE1fMmOxoH_P4aRa1xJgD8ygUCOX,Die Merkhilfe,video,100,Sekundarstufe 1; Sekundarstufe 2,learner; teacher,10,18,de,,
https://www.youtube.com/playlist?list=PLn_RXXE1fMmMs4JxM3JyDW-cEXoT-7eZY,Die Merkhilfe,video,100,Sekundarstufe 1; Sekundarstufe 2,learner; teacher,10,18,de,,
https://www.youtube.com/playlist?list=PLn_RXXE1fMmOTlJ0lGCNqB-hKccE87Sry,Die Merkhilfe,video,100,Sekundarstufe 1; Sekundarstufe 2,learner; teacher,10,18,de,,
https://www.youtube.com/playlist?list=PLn_RXXE1fMmOOXcWFdWUH4gI52GkCCwy6,Die Merkhilfe,video,100,Sekundarstufe 1; Sekundarstufe 2,learner; teacher,10,18,de,,
https://www.youtube.com/playlist?list=PLn_RXXE1fMmPazIdX2v0m3IpAnJSmKolF,Die Merkhilfe,video,720,Sekundarstufe 1; Sekundarstufe 2,learner; teacher,10,18,de,,
https://www.youtube.com/playlist?list=PLn_RXXE1fMmPMnnqoneU789J_fWi88yBx,Die Merkhilfe,video,480,Sekundarstufe 1; Sekundarstufe 2,learner; teacher,10,18,de,,
https://www.youtube.com/playlist?list=PLjwHRoOuF25RCWRkpzjdG1c3iiwqE-n9U,Die Merkhilfe,video,700,Sekundarstufe 1; Sekundarstufe 2,learner; teacher,10,18,de,,
https://www.youtube.com/playlist?list=PLjwHRoOuF25R7lVaqkqfQbjB7W_y-m4hE,Die Merkhilfe,video,700,Sekundarstufe 1; Sekundarstufe 2,learner; teacher,10,18,de,,
https://www.youtube.com/playlist?list=PLn_RXXE1fMmMIpf0qMuEQLRyDh1MN2oQY,Die Merkhilfe,video,320,Sekundarstufe 1; Sekundarstufe 2,learner; teacher,10,18,de,,
https://www.youtube.com/playlist?list=PL-jLXAXdkGqfYPa3HJkMLUgXpNUcZmJgY,JGS Feuchtwangen,video,100,Sekundarstufe 1; Sekundarstufe 2,learner; teacher,10,18,de,,
https://www.youtube.com/playlist?list=PL7siVIUmPpIGxf89EBtjHKGMINqT10y0N,Terra X,video,080,Sekundarstufe 1; Sekundarstufe 2,learner; teacher,10,18,de,,
https://www.youtube.com/playlist?list=PLHrmwJ40hoSpR1vDw0koJIewlvm1NWdso,Terra X,video,080,Sekundarstufe 1; Sekundarstufe 2,learner; teacher,10,18,de,,
https://www.youtube.com/playlist?list=PLHrmwJ40hoSr-jyDJzSnCt4R4Sdm1HdR8,Terra X,video,100,Sekundarstufe 1; Sekundarstufe 2,learner; teacher,10,18,de,,
https://www.youtube.com/playlist?list=PL7siVIUmPpIGO3M8L3PObihKk7ir3LncS,Terra X,video,46014; 460,Sekundarstufe 1; Sekundarstufe 2,learner; teacher,10,18,de,,
https://www.youtube.com/playlist?list=PLHrmwJ40hoSoIZDkJqkkZs22qFiW66uRJ,Terra X,video,480; 700,Sekundarstufe 1; Sekundarstufe 2,learner; teacher,10,18,de,,
https://www.youtube.com/playlist?list=PLHrmwJ40hoSr1txkykStZgbftboawfjHh,Terra X,video,060,Sekundarstufe 1; Sekundarstufe 2,learner; teacher,10,18,de,,
https://www.youtube.com/playlist?list=PLHrmwJ40hoSp52esI-I_3itPxYbdT8snL,Terra X,video,420,Sekundarstufe 1; Sekundarstufe 2,learner; teacher,10,18,de,,
https://www.youtube.com/playlist?list=PLHrmwJ40hoSooMrdrbsKoj9TE6Fhdp-G-,Terra X,video,520,Sekundarstufe 1; Sekundarstufe 2,learner; teacher,10,18,de,,
https://www.youtube.com/playlist?list=PLHrmwJ40hoSprulcamySfyZ1MD9ff7ZGq,Terra X,video,450; 160,Sekundarstufe 1; Sekundarstufe 2,learner; teacher,10,18,de,,
https://www.youtube.com/playlist?list=PLHrmwJ40hoSoI1pZpYqxsD30n0BQRGamc,Terra X,video,240,Sekundarstufe 1; Sekundarstufe 2,learner; teacher,10,18,de,,
https://www.youtube.com/playlist?list=PLHrmwJ40hoSopGvArs7MEgZt5ywCZom_7,Terra X,video,240,Sekundarstufe 1; Sekundarstufe 2,learner; teacher,10,18,de,,
https://www.youtube.com/playlist?list=PLHrmwJ40hoSpNW9WQo97k0T4PevEq5xGb,Terra X,video,260,Sekundarstufe 1; Sekundarstufe 2,learner; teacher,10,18,de,,
https://www.youtube.com/playlist?list=PLHrmwJ40hoSpO6aL3owpzdhUzf1TTfPz9,Terra X,video,720; 080,Sekundarstufe 1; Sekundarstufe 2,learner; teacher,10,18,de,,
https://www.youtube.com/playlist?list=PLEvJmBfh19TxFHfbB4_PSw6PDR1KP3rCH,Cornelsen,video,720,,teacher,18,99,de,,
https://www.youtube.com/playlist?list=PLEvJmBfh19TwoQfv1CC3pt4DNUqL2e687,Cornelsen,video,720,,teacher,18,99,de,,
https://www.youtube.com/playlist?list=PLEvJmBfh19TyIDb8PsxSPIwRJnRbM4oZc,Cornelsen,video,380,,teacher,18,99,de,,
,,,,,,,,,,
Playlists,,,,,,,,,,
https://www.youtube.com/playlist?list=PL9H8VPpyaFzMWQe_X24Xo09IGfMrqufpI,Alba Berlin,video,600,Sekundarstufe 1; Sekundarstufe 2,"learner, teacher",2,99,de,,
https://www.youtube.com/playlist?list=PL9H8VPpyaFzOU7WShhUg25QyoIQrt7MSx,Alba Berlin,video,600,Sekundarstufe 1; Sekundarstufe 2,"learner, teacher",2,99,de,,
https://www.youtube.com/playlist?list=PL8dPuuaLjXtNjasccl-WajpONGX3zoY4M,CrashCourse ,video,240,Sekundarstufe 1; Sekundarstufe 2,"learner, teacher",10,99,en,,
https://www.youtube.com/playlist?list=PL8dPuuaLjXtMwmepBjTSG593eG7ObzO7s,CrashCourse,video,240,Sekundarstufe 1; Sekundarstufe 2,"learner, teacher",10,99,en,,
https://www.youtube.com/playlist?list=PL8dPuuaLjXtMsMTfmRomkVQG8AqrAmJFX,CrashCourse ,video,240,Sekundarstufe 1; Sekundarstufe 2,"learner, teacher",10,99,en,,
https://www.youtube.com/playlist?list=PL8dPuuaLjXtNppY8ZHMPDH5TKK2UpU8Ng,CrashCourse ,video,240; 04003,Sekundarstufe 1; Sekundarstufe 2,"learner, teacher",10,99,en,,
https://www.youtube.com/playlist?list=PL8dPuuaLjXtNCG9Vq7vdvJytS-F-xGi7_,CrashCourse ,video,240; 450; 520,Sekundarstufe 1; Sekundarstufe 2,"learner, teacher",10,99,en,,
https://www.youtube.com/playlist?list=PL8dPuuaLjXtN-Bd-H_TGq72CN50Fpv_JX,CrashCourse ,video,240; 20001,Sekundarstufe 1; Sekundarstufe 2,"learner, teacher",10,99,en,,
https://www.youtube.com/playlist?list=PL8dPuuaLjXtN-Bd-H_TGq72CN50Fpv_JX,CrashCourse ,video,240; 04003,Sekundarstufe 1; Sekundarstufe 2,"learner, teacher",10,99,en,,
https://www.youtube.com/playlist?list=PL8dPuuaLjXtPmGl0BGvoYcS8_AAnPrC4p,CrashCourse ,video,240; 04003,Sekundarstufe 1; Sekundarstufe 2,"learner, teacher",10,99,en,,
https://www.youtube.com/playlist?list=PLNrrxHpJhC8m_ifiOWl1hquDmdgvcviOt,Arizona State University + CrashCourse  ,video,900; 48005,Sekundarstufe 1; Sekundarstufe 2,"learner, teacher",10,99,en,,
https://www.youtube.com/playlist?list=PLNrrxHpJhC8l8q8cq9BXLS3guOcyLqxj6,Arizona State University + CrashCourse ,video,100,Sekundarstufe 1; Sekundarstufe 2,"learner, teacher",10,99,en,,
https://www.youtube.com/playlist?list=PLNrrxHpJhC8l8q8cq9BXLS3guOcyLqxj6,Arizona State University + CrashCourse ,video,380; 3801,Sekundarstufe 1; Sekundarstufe 2,"learner, teacher",10,99,en,,
https://www.youtube.com/playlist?list=PLNrrxHpJhC8mNXjrAL3Ey1Q6iI35cymzl,Arizona State University + CrashCourse  ,video,20001,Sekundarstufe 1; Sekundarstufe 2,"learner, teacher",10,99,en,,
https://www.youtube.com/playlist?list=PL8dPuuaLjXtPNZwz5_o_5uirJ8gQXnhEO,CrashCourse ,video,700,Sekundarstufe 1; Sekundarstufe 2,"learner, teacher",10,99,en,,
https://www.youtube.com/playlist?list=PL8dPuuaLjXtMJ-AfB_7J1538YKWkZAnGA,CrashCourse ,video,48005,Sekundarstufe 1; Sekundarstufe 2,"learner, teacher",10,99,en,,
https://www.youtube.com/playlist?list=PL8dPuuaLjXtP5mp25nStsuDzk2blncJDW,CrashCourse,video,20001,Sekundarstufe 1; Sekundarstufe 2,"learner, teacher",10,99,en,,
https://www.youtube.com/playlist?list=PL8dPuuaLjXtO85Sl24rSiVQ93q7vcntNF,CrashCourse ,video,220,Sekundarstufe 1; Sekundarstufe 2,"learner, teacher",10,99,en,,
https://www.youtube.com/playlist?list=PL8dPuuaLjXtOfse2ncvffeelTrqvhrz8H,CrashCourse ,video,20001; 480,Sekundarstufe 1; Sekundarstufe 2,"learner, teacher",10,99,en,,
https://www.youtube.com/playlist?list=PL8dPuuaLjXtN0ge7yDk_UA0ldZJdhwkoV,CrashCourse ,video,460,Sekundarstufe 1; Sekundarstufe 2,"learner, teacher",10,99,en,,
https://www.youtube.com/playlist?list=PL8dPuuaLjXtONguuhLdVmq0HTKS0jksS4,CrashCourse ,video,100; 080,Sekundarstufe 1; Sekundarstufe 2,"learner, teacher",10,99,en,,
https://www.youtube.com/playlist?list=PL8dPuuaLjXtPHzzYuWy6fYEaX9mQQ8oGr,CrashCourse ,video,100,Sekundarstufe 1; Sekundarstufe 2,"learner, teacher",10,99,en,,
https://www.youtube.com/playlist?list=PL8dPuuaLjXtPAJr1ysd5yGIyiSFuh0mIL,CrashCourse ,video,46014,Sekundarstufe 1; Sekundarstufe 2,"learner, teacher",10,99,en,,
https://www.youtube.com/playlist?list=PL3EED4C1D684D3ADF,CrashCourse ,video,080,Sekundarstufe 1; Sekundarstufe 2,"learner, teacher",10,99,en,,
https://www.youtube.com/playlist?list=PL8dPuuaLjXtNdTKZkV_GiIYXpV9w4WxbX,CrashCourse ,video,080,Sekundarstufe 1; Sekundarstufe 2,"learner, teacher",10,99,en,,
https://www.youtube.com/playlist?list=PL8dPuuaLjXtOAKed_MxxWBNaPno5h3Zs8,CrashCourse,video,260; 080,Sekundarstufe 1; Sekundarstufe 2,"learner, teacher",10,99,en,,
https://www.youtube.com/playlist?list=PL8dPuuaLjXtO65LeD2p4_Sb5XQ51par_b,CrashCourse ,video,320; 04003,Sekundarstufe 1; Sekundarstufe 2,"learner, teacher",10,99,en,,
https://www.youtube.com/playlist?list=PL8dPuuaLjXtNM_Y-bUAhblSAdWRnmBUcr,CrashCourse ,video,380,Sekundarstufe 1; Sekundarstufe 2,"learner, teacher",10,99,en,,
https://www.youtube.com/playlist?list=PL8dPuuaLjXtO4A_tL6DLZRotxEb114cMR,CrashCourse ,video,4003,Sekundarstufe 1; Sekundarstufe 2,"learner, teacher",10,99,en,,
https://www.youtube.com/playlist?list=PL8dPuuaLjXtNlUrzyH5r6jN9ulIgZBpdo,CrashCourse ,video,320; 04003,Sekundarstufe 1; Sekundarstufe 2,"learner, teacher",10,99,en,,
https://www.youtube.com/playlist?list=PL8dPuuaLjXtPTrc_yg73RghJEOdobAplG,CrashCourse ,video,320,Sekundarstufe 1; Sekundarstufe 2,"learner, teacher",10,99,en,,
https://www.youtube.com/playlist?list=PL8dPuuaLjXtONXALkeh5uisZqrAcPKCee,CrashCourse ,video,20001,Sekundarstufe 1; Sekundarstufe 2,"learner, teacher",10,99,en,,
https://www.youtube.com/playlist?list=PL8dPuuaLjXtN07XYqqWSKpPrtNDiCHTzU,CrashCourse ,video,20001; 48005,Sekundarstufe 1; Sekundarstufe 2,"learner, teacher",10,99,en,,
https://www.youtube.com/playlist?list=PL8dPuuaLjXtM6jSpzb5gMNsx9kdmqBfmY,CrashCourse ,video,20001; 48005,Sekundarstufe 1; Sekundarstufe 2,"learner, teacher",10,99,en,,
https://www.youtube.com/playlist?list=PL8dPuuaLjXtOeEc9ME62zTfqc0h6Pe8vb,CrashCourse ,video,20001,Sekundarstufe 1; Sekundarstufe 2,"learner, teacher",10,99,en,,
https://www.youtube.com/playlist?list=PL8dPuuaLjXtOv-sO3lOpVm54jhwWAf_jR,CrashCourse ,video,20001,Sekundarstufe 1; Sekundarstufe 2,"learner, teacher",10,99,en,,
https://www.youtube.com/playlist?list=PL8dPuuaLjXtNEWbqDPdM8FrNHuyVxPQl_,CrashCourse,video,20001,Sekundarstufe 1; Sekundarstufe 2,"learner, teacher",10,99,en,,
https://www.youtube.com/playlist?list=PL8dPuuaLjXtPlnUoPa11EoTZbWZLsQVMs,CrashCourse,video,20001,Sekundarstufe 1; Sekundarstufe 2,"learner, teacher",10,99,en,,
https://www.youtube.com/playlist?list=PL25spyP49IXbvBluAiVz4sgZ1NArbP3Bc,Hui,video,100,"Sekundarstufe 2, Erwachsenenbildung","learner, teacher",14,25,de,,
https://www.youtube.com/playlist?list=PL25spyP49IXbxMAjaFKgB4LLvYB52ELP1,Hui,video,100,"Sekundarstufe 2, Erwachsenenbildung","learner, teacher",,,de,,
https://www.youtube.com/playlist?list=PL25spyP49IXap7Z7Wxlln1TTXMraWcfI2,Hui,video,460,Sekundarstufe 1; Sekundarstufe 2,"learner, teacher",,,de,,
https://www.youtube.com/playlist?list=PL25spyP49IXYzHTLn8L-2u43uX2H2ZzQv,Hui,video,460,Sekundarstufe 1; Sekundarstufe 2,"learner, teacher",,,de,,
https://www.youtube.com/playlist?list=PL25spyP49IXaL7wsV-W4hvrYymByjVkL_,Hui,video,380,Sekundarstufe 1; Sekundarstufe 2,"learner, teacher", , ,de,,
,,,,,,,,,,
,,,,, , , ,,,
,,,,, , , ,,,
Kanäle,,,,,,,,,,
https://www.youtube.com/channel/UCUdettijNYvLAm4AixZv4RA,SciShow   ,video,510,Sekundarstufe 2,"learner, teacher",13,99,en ,,
https://www.youtube.com/channel/UCZYTClx2T1of7BRZ86-8fow,SciShow,video,4003,Sekundarstufe 1; Sekundarstufe 2,"learner, teacher",12,99,en,,
https://www.youtube.com/channel/UCrMePiHCWG4Vwqv3t7W9EFg,SciShow  ,video,4003; 460; 46014,Sekundarstufe 1; Sekundarstufe 2,"learner, teacher",8,99,en,,
https://www.youtube.com/channel/UCrMePiHCWG4Vwqv3t7W9EFg,SciShow,video,28010; 4003,Primarstufe; Sekundarstufe 1,"learner, teacher",3,99,en,,
https://www.youtube.com/channel/UCRFIPG2u1DxKLNuE3y2SjHA,CrashCourse  ,video,28010; 4003,Primarstufe; Sekundarstufe 1,"learner, teacher",3,99,en,,
https://www.youtube.com/channel/UCotQdo7hOWcKl_hNMvuL79A,Forsche mit uns! NaWi mit GUB e.V.,video,28010,Primarstufe,"learner, teacher",3,12,de,,
https://www.youtube.com/channel/UCPAfRcqYTpbQxC-i9C6HK_g,Frau Schimpf,video,060,Sekundarstufe 1; Sekundarstufe 2,"learner, teacher",12,99,de,,
https://www.youtube.com/channel/UCekU1TP424ZV9DnNjdivaDQ,Bernd-H. Brand,video,100,Sekundarstufe 1; Sekundarstufe 2,"learner, teacher",,,de,,
https://www.youtube.com/channel/UCIntY47wLCbBNItj7-2FwXQ,LEIFIphysik,video,460,Sekundarstufe 1; Sekundarstufe 2,"learner, teacher",,,de,,
https://www.youtube.com/channel/UC5EyFAt0bLnC6YzBvEXgF8A,the artinspector,video,060,Sekundarstufe 1; Sekundarstufe 2,"learner, teacher",,,de,,
https://www.youtube.com/channel/UCwRH985XgMYXQ6NxXDo8npw,Dinge erklärt - Kurzgesagt,video,,"Sekundarstufe1, Sekundarstufe 2","learner, teacher",,,de,,
https://www.youtube.com/channel/UCKjJ1nCoMFTHzQlUtHHBBsw,Akademie für Lerncoaching,video,720,Primarstufe; Sekundarstufe1; Sekundarstufe 2,teacher,,,de,,
https://www.youtube.com/channel/UCFSS2FtaFNKMei4jGQOVL3w,Chemie und Bio in der Schule,video,100; 080,Sekundarstufe 1; Sekundarstufe 2,"learner, teacher",,,de,,
https://www.youtube.com/channel/UCk0aUAhu9RxfOX1iMXAJ-2g,Chemistry Kicksass,video,100,Sekundarstufe 1; Sekundarstufe 2,learner,,,de,,
https://www.youtube.com/channel/UCWNvo3l-K-X6CPSBcP9NCNg,Chemie - simpleclub,video,100,Sekundarstufe 1; Sekundarstufe 2,learner; teacher,,,de,,
https://www.youtube.com/channel/UC1a400owZ_Qa-3Ood22cMKg,Ecole Science,video,460,Sekundarstufe 1; Sekundarstufe 2,teacher; learner,10,99,de,,
,,,,,,,,,,
https://www.youtube.com/@Unkauf_MC,Sehen & Verstehen - Experimente und meeehr,video,100; 04003; 080; 460,Sekundarstufe 1; Sekundarstufe 2,learner; teacher,10,99,de,,15.03.2024
https://www.youtube.com/@MathemaTrick,MathemaTrick,video,380,Sekundarstufe 1; Sekundarstufe 2,learner; teacher; parent,10,99,de,,15.03.2024
https://www.youtube.com/@pharithmetik,Christian Spannagel,video,380,Sekundarstufe 1; Sekundarstufe 2,learner; teacher,10,99,de,,15.03.2024